{"credit":"MadewithBlockbench","textures":{"1":"block/white_concrete","2":"block/green_concrete","3":"block/black_concrete","4":"block/light_gray_concrete","particle":"block/white_concrete"},"elements":[{"from":[0,0,2],"to":[2,7,14],"faces":{"north":{"uv":[0,0,12,4],"texture":"#2"},"east":{"uv":[0,0,12,4],"texture":"#2"},"south":{"uv":[0,0,12,4],"texture":"#2"},"west":{"uv":[0,0,12,4],"texture":"#2"},"up":{"uv":[0,0,12,4],"texture":"#2"},"down":{"uv":[0,0,12,4],"texture":"#2"}}},{"from":[5,4,7.5],"to":[6,15,8.75],"rotation":{"angle":-22.5,"axis":"z","origin":[5.50197,6.99541,8.12761]},"faces":{"north":{"uv":[0,0,12,4],"texture":"#4"},"east":{"uv":[0,0,12,4],"texture":"#4"},"south":{"uv":[0,0,12,4],"texture":"#4"},"west":{"uv":[0,0,12,4],"texture":"#4"},"up":{"uv":[0,0,12,4],"texture":"#4"},"down":{"uv":[0,0,12,4],"texture":"#4"}}},{"from":[8,5,5.5],"to":[10,6,6.75],"rotation":{"angle":-22.5,"axis":"z","origin":[5.50197,6.99541,8.12761]},"faces":{"north":{"uv":[0,0,12,4],"texture":"#4"},"east":{"uv":[0,0,12,4],"texture":"#4"},"south":{"uv":[0,0,12,4],"texture":"#4"},"west":{"uv":[0,0,12,4],"texture":"#4"},"up":{"uv":[0,0,12,4],"texture":"#4"},"down":{"uv":[0,0,12,4],"texture":"#4"}}},{"from":[8,5,8.5],"to":[10,6,9.75],"rotation":{"angle":-22.5,"axis":"z","origin":[5.50197,6.99541,8.12761]},"faces":{"north":{"uv":[0,0,12,4],"texture":"#4"},"east":{"uv":[0,0,12,4],"texture":"#4"},"south":{"uv":[0,0,12,4],"texture":"#4"},"west":{"uv":[0,0,12,4],"texture":"#4"},"up":{"uv":[0,0,12,4],"texture":"#4"},"down":{"uv":[0,0,12,4],"texture":"#4"}}},{"from":[1.6,15,5.5],"to":[2.6,16.3,10.75],"rotation":{"angle":-22.5,"axis":"z","origin":[5.50197,6.99541,8.12761]},"faces":{"north":{"uv":[0,0,12,4],"texture":"#3"},"east":{"uv":[0,0,12,4],"texture":"#3"},"south":{"uv":[0,0,12,4],"texture":"#3"},"west":{"uv":[0,0,12,4],"texture":"#3"},"up":{"uv":[0,0,12,4],"texture":"#3"},"down":{"uv":[0,0,12,4],"texture":"#3"}}},{"from":[2.6,15,9.5],"to":[5.6,16.3,10.75],"rotation":{"angle":-22.5,"axis":"z","origin":[5.50197,6.99541,8.12761]},"faces":{"north":{"uv":[0,0,12,4],"texture":"#3"},"east":{"uv":[0,0,12,4],"texture":"#3"},"south":{"uv":[0,0,12,4],"texture":"#3"},"west":{"uv":[0,0,12,4],"texture":"#3"},"up":{"uv":[0,0,12,4],"texture":"#3"},"down":{"uv":[0,0,12,4],"texture":"#3"}}},{"from":[2.6,15,5.5],"to":[5.6,16.3,6.75],"rotation":{"angle":-22.5,"axis":"z","origin":[5.50197,6.99541,8.12761]},"faces":{"north":{"uv":[0,0,12,4],"texture":"#3"},"east":{"uv":[0,0,12,4],"texture":"#3"},"south":{"uv":[0,0,12,4],"texture":"#3"},"west":{"uv":[0,0,12,4],"texture":"#3"},"up":{"uv":[0,0,12,4],"texture":"#3"},"down":{"uv":[0,0,12,4],"texture":"#3"}}},{"from":[5.6,15,5.5],"to":[6.6,16.3,10.75],"rotation":{"angle":-22.5,"axis":"z","origin":[5.50197,6.99541,8.12761]},"faces":{"north":{"uv":[0,0,12,4],"texture":"#3"},"east":{"uv":[0,0,12,4],"texture":"#3"},"south":{"uv":[0,0,12,4],"texture":"#3"},"west":{"uv":[0,0,12,4],"texture":"#3"},"up":{"uv":[0,0,12,4],"texture":"#3"},"down":{"uv":[0,0,12,4],"texture":"#3"}}},{"from":[29,0,0],"to":[32,7,16],"faces":{"north":{"uv":[0,0,12,4],"texture":"#2"},"east":{"uv":[0,0,12,4],"texture":"#2"},"south":{"uv":[0,0,12,4],"texture":"#2"},"west":{"uv":[0,0,12,4],"texture":"#2"},"up":{"uv":[0,0,12,4],"texture":"#2"},"down":{"uv":[0,0,12,4],"texture":"#2"}}},{"from":[14.2122,0,-3.40879],"to":[24.2122,7,-1.40879],"rotation":{"angle":0,"axis":"y","origin":[1.01049,1.98778,8.00171]},"faces":{"north":{"uv":[0,0,12,4],"texture":"#2"},"east":{"uv":[0,0,12,4],"texture":"#2"},"south":{"uv":[0,0,12,4],"texture":"#2"},"west":{"uv":[0,0,12,4],"texture":"#2"},"up":{"uv":[0,0,12,4],"rotation":90,"texture":"#2"},"down":{"uv":[0,0,12,4],"rotation":270,"texture":"#2"}}},{"from":[14.2122,0,17.59121],"to":[24.2122,7,19.59121],"rotation":{"angle":0,"axis":"y","origin":[1.01049,1.98778,8.00171]},"faces":{"north":{"uv":[0,0,12,4],"texture":"#2"},"east":{"uv":[0,0,12,4],"texture":"#2"},"south":{"uv":[0,0,12,4],"texture":"#2"},"west":{"uv":[0,0,12,4],"texture":"#2"},"up":{"uv":[0,0,12,4],"rotation":90,"texture":"#2"},"down":{"uv":[0,0,12,4],"rotation":270,"texture":"#2"}}},{"from":[2.8122,0,-0.40879],"to":[29.2122,4,16.59121],"rotation":{"angle":0,"axis":"y","origin":[1.01049,1.98778,8.00171]},"faces":{"north":{"uv":[0,0,12,4],"texture":"#2"},"east":{"uv":[0,0,12,4],"texture":"#2"},"south":{"uv":[0,0,12,4],"texture":"#2"},"west":{"uv":[0,0,12,4],"texture":"#2"},"up":{"uv":[0,0,12,4],"rotation":90,"texture":"#2"},"down":{"uv":[0,0,12,4],"rotation":270,"texture":"#2"}}},{"from":[23.7122,2.5,2.59121],"to":[26.2122,13.2,13.59121],"rotation":{"angle":0,"axis":"y","origin":[1.01049,1.98778,8.00171]},"faces":{"north":{"uv":[0,0,16,16],"rotation":90,"texture":"#3"},"east":{"uv":[0,0,16,16],"rotation":90,"texture":"#3"},"south":{"uv":[0,0,16,16],"rotation":90,"texture":"#3"},"west":{"uv":[0,0,16,16],"rotation":90,"texture":"#3"},"up":{"uv":[0,0,16,16],"rotation":90,"texture":"#3"},"down":{"uv":[0,0,16,16],"rotation":90,"texture":"#3"}}},{"from":[12.6122,1,2.59121],"to":[26.2122,5.8,13.59121],"rotation":{"angle":0,"axis":"y","origin":[1.01049,1.98778,8.00171]},"faces":{"north":{"uv":[0,0,16,16],"rotation":90,"texture":"#3"},"east":{"uv":[0,0,16,16],"rotation":90,"texture":"#3"},"south":{"uv":[0,0,16,16],"rotation":90,"texture":"#3"},"west":{"uv":[0,0,16,16],"rotation":90,"texture":"#3"},"up":{"uv":[0,0,16,16],"rotation":90,"texture":"#3"},"down":{"uv":[0,0,16,16],"rotation":90,"texture":"#3"}}},{"from":[23.7122,14.3,2.59121],"to":[26.2122,15.6,13.59121],"rotation":{"angle":0,"axis":"y","origin":[1.01049,3.98778,8.00171]},"faces":{"north":{"uv":[0,0,16,16],"rotation":90,"texture":"#3"},"east":{"uv":[0,0,16,16],"rotation":90,"texture":"#3"},"south":{"uv":[0,0,16,16],"rotation":90,"texture":"#3"},"west":{"uv":[0,0,16,16],"rotation":90,"texture":"#3"},"up":{"uv":[0,0,16,16],"rotation":90,"texture":"#3"},"down":{"uv":[0,0,16,16],"rotation":90,"texture":"#3"}}},{"from":[23.7122,13.2,11.39121],"to":[26.2122,14.3,13.59121],"rotation":{"angle":0,"axis":"y","origin":[1.01049,3.98778,8.00171]},"faces":{"north":{"uv":[0,0,16,16],"rotation":90,"texture":"#3"},"east":{"uv":[0,0,16,16],"rotation":90,"texture":"#3"},"south":{"uv":[0,0,16,16],"rotation":90,"texture":"#3"},"west":{"uv":[0,0,16,16],"rotation":90,"texture":"#3"},"up":{"uv":[0,0,16,16],"rotation":90,"texture":"#3"},"down":{"uv":[0,0,16,16],"rotation":90,"texture":"#3"}}},{"from":[23.7122,13.2,2.59121],"to":[26.2122,14.3,4.79121],"rotation":{"angle":0,"axis":"y","origin":[1.01049,3.98778,8.00171]},"faces":{"north":{"uv":[0,0,16,16],"rotation":90,"texture":"#3"},"east":{"uv":[0,0,16,16],"rotation":90,"texture":"#3"},"south":{"uv":[0,0,16,16],"rotation":90,"texture":"#3"},"west":{"uv":[0,0,16,16],"rotation":90,"texture":"#3"},"up":{"uv":[0,0,16,16],"rotation":90,"texture":"#3"},"down":{"uv":[0,0,16,16],"rotation":90,"texture":"#3"}}},{"from":[0.3,0,-4],"to":[2.3,7,2.7],"rotation":{"angle":-45,"axis":"y","origin":[1.00002,1.99825,2.00172]},"faces":{"north":{"uv":[0,0,12,4],"texture":"#2"},"east":{"uv":[0,0,12,4],"texture":"#2"},"south":{"uv":[0,0,12,4],"texture":"#2"},"west":{"uv":[0,0,12,4],"texture":"#2"},"up":{"uv":[0,0,12,4],"texture":"#2"},"down":{"uv":[0,0,12,4],"texture":"#2"}}},{"from":[8.80175,0,9.2017],"to":[15.50175,7,11.2017],"rotation":{"angle":-45,"axis":"y","origin":[1.00002,1.99825,2.00172]},"faces":{"north":{"uv":[0,0,12,4],"texture":"#2"},"east":{"uv":[0,0,12,4],"texture":"#2"},"south":{"uv":[0,0,12,4],"texture":"#2"},"west":{"uv":[0,0,12,4],"texture":"#2"},"up":{"uv":[0,0,12,4],"rotation":90,"texture":"#2"},"down":{"uv":[0,0,12,4],"rotation":270,"texture":"#2"}}},{"from":[8.13018,2.96195,-3.52459],"to":[12.03018,4.86195,-1.52459],"rotation":{"angle":0,"axis":"y","origin":[2.05952,8.48229,5.2377]},"faces":{"north":{"uv":[0,0,16,1],"rotation":270,"texture":"#3"},"east":{"uv":[0,0,16,1],"rotation":270,"texture":"#3"},"south":{"uv":[0,0,16,1],"rotation":270,"texture":"#3"},"west":{"uv":[0,0,16,1],"rotation":270,"texture":"#3"},"up":{"uv":[0,0,16,1],"rotation":90,"texture":"#3"},"down":{"uv":[0,0,16,1],"rotation":90,"texture":"#3"}}},{"from":[8.13018,-1.13805,-3.52459],"to":[12.03018,0.26195,-1.52459],"rotation":{"angle":0,"axis":"y","origin":[2.05952,8.48229,5.2377]},"faces":{"north":{"uv":[0,0,16,1],"rotation":270,"texture":"#3"},"east":{"uv":[0,0,16,1],"rotation":270,"texture":"#3"},"south":{"uv":[0,0,16,1],"rotation":270,"texture":"#3"},"west":{"uv":[0,0,16,1],"rotation":270,"texture":"#3"},"up":{"uv":[0,0,16,1],"rotation":90,"texture":"#3"},"down":{"uv":[0,0,16,1],"rotation":90,"texture":"#3"}}},{"from":[11.19105,-0.15488,-3.52459],"to":[13.09105,3.84512,-1.52459],"rotation":{"angle":0,"axis":"z","origin":[10.06903,3.88397,-2.53542]},"faces":{"north":{"uv":[0,0,16,1],"texture":"#3"},"east":{"uv":[0,0,16,1],"texture":"#3"},"south":{"uv":[0,0,16,1],"rotation":180,"texture":"#3"},"west":{"uv":[0,0,16,1],"texture":"#3"},"up":{"uv":[0,0,16,1],"rotation":180,"texture":"#3"},"down":{"uv":[0,0,16,1],"rotation":180,"texture":"#3"}}},{"from":[7.09105,-0.05488,-3.52459],"to":[8.69105,3.84512,-1.52459],"rotation":{"angle":0,"axis":"z","origin":[10.06903,3.88397,-2.53542]},"faces":{"north":{"uv":[0,0,16,1],"texture":"#3"},"east":{"uv":[0,0,16,1],"texture":"#3"},"south":{"uv":[0,0,16,1],"rotation":180,"texture":"#3"},"west":{"uv":[0,0,16,1],"texture":"#3"},"up":{"uv":[0,0,16,1],"rotation":180,"texture":"#3"},"down":{"uv":[0,0,16,1],"rotation":180,"texture":"#3"}}},{"from":[10.14701,1.72281,-3.52459],"to":[12.14701,3.22281,-1.52459],"rotation":{"angle":45,"axis":"z","origin":[10.06903,3.88397,-2.53542]},"faces":{"north":{"uv":[0,0,16,1],"rotation":180,"texture":"#3"},"east":{"uv":[0,0,16,1],"rotation":180,"texture":"#3"},"south":{"uv":[0,0,16,1],"texture":"#3"},"west":{"uv":[0,0,16,1],"rotation":180,"texture":"#3"},"up":{"uv":[0,0,16,1],"texture":"#3"},"down":{"uv":[0,0,16,1],"texture":"#3"}}},{"from":[7.94701,4.72281,-3.52459],"to":[9.34701,5.92281,-1.52459],"rotation":{"angle":45,"axis":"z","origin":[10.06903,3.88397,-2.53542]},"faces":{"north":{"uv":[0,0,16,1],"rotation":180,"texture":"#3"},"east":{"uv":[0,0,16,1],"rotation":180,"texture":"#3"},"south":{"uv":[0,0,16,1],"texture":"#3"},"west":{"uv":[0,0,16,1],"rotation":180,"texture":"#3"},"up":{"uv":[0,0,16,1],"texture":"#3"},"down":{"uv":[0,0,16,1],"texture":"#3"}}},{"from":[7.94701,-1.07719,-3.52459],"to":[9.34701,0.12281,-1.52459],"rotation":{"angle":45,"axis":"z","origin":[10.06903,3.88397,-2.53542]},"faces":{"north":{"uv":[0,0,16,1],"rotation":180,"texture":"#3"},"east":{"uv":[0,0,16,1],"rotation":180,"texture":"#3"},"south":{"uv":[0,0,16,1],"texture":"#3"},"west":{"uv":[0,0,16,1],"rotation":180,"texture":"#3"},"up":{"uv":[0,0,16,1],"texture":"#3"},"down":{"uv":[0,0,16,1],"texture":"#3"}}},{"from":[5.14701,1.72281,-3.52459],"to":[6.04701,3.22281,-1.52459],"rotation":{"angle":45,"axis":"z","origin":[10.06903,3.88397,-2.53542]},"faces":{"north":{"uv":[0,0,16,1],"rotation":180,"texture":"#3"},"east":{"uv":[0,0,16,1],"rotation":180,"texture":"#3"},"south":{"uv":[0,0,16,1],"texture":"#3"},"west":{"uv":[0,0,16,1],"rotation":180,"texture":"#3"},"up":{"uv":[0,0,16,1],"texture":"#3"},"down":{"uv":[0,0,16,1],"texture":"#3"}}},{"from":[8.53018,0.36195,-3.62459],"to":[11.63018,3.36195,-1.42459],"rotation":{"angle":0,"axis":"y","origin":[2.05952,8.48229,5.2377]},"faces":{"north":{"uv":[0,0,16,1],"rotation":270,"texture":"#1"},"east":{"uv":[0,0,16,1],"rotation":270,"texture":"#3"},"south":{"uv":[0,0,16,1],"rotation":270,"texture":"#1"},"west":{"uv":[0,0,16,1],"rotation":270,"texture":"#3"},"up":{"uv":[0,0,16,1],"rotation":90,"texture":"#3"},"down":{"uv":[0,0,16,1],"rotation":90,"texture":"#3"}}},{"from":[8.13018,2.96195,17.47541],"to":[12.03018,4.86195,19.47541],"rotation":{"angle":0,"axis":"y","origin":[2.05952,8.48229,26.2377]},"faces":{"north":{"uv":[0,0,16,1],"rotation":270,"texture":"#3"},"east":{"uv":[0,0,16,1],"rotation":270,"texture":"#3"},"south":{"uv":[0,0,16,1],"rotation":270,"texture":"#3"},"west":{"uv":[0,0,16,1],"rotation":270,"texture":"#3"},"up":{"uv":[0,0,16,1],"rotation":90,"texture":"#3"},"down":{"uv":[0,0,16,1],"rotation":90,"texture":"#3"}}},{"from":[8.13018,-1.13805,17.47541],"to":[12.03018,0.26195,19.47541],"rotation":{"angle":0,"axis":"y","origin":[2.05952,8.48229,26.2377]},"faces":{"north":{"uv":[0,0,16,1],"rotation":270,"texture":"#3"},"east":{"uv":[0,0,16,1],"rotation":270,"texture":"#3"},"south":{"uv":[0,0,16,1],"rotation":270,"texture":"#3"},"west":{"uv":[0,0,16,1],"rotation":270,"texture":"#3"},"up":{"uv":[0,0,16,1],"rotation":90,"texture":"#3"},"down":{"uv":[0,0,16,1],"rotation":90,"texture":"#3"}}},{"from":[11.19105,-0.15488,17.47541],"to":[13.09105,3.84512,19.47541],"rotation":{"angle":0,"axis":"z","origin":[10.06903,3.88397,18.46458]},"faces":{"north":{"uv":[0,0,16,1],"texture":"#3"},"east":{"uv":[0,0,16,1],"texture":"#3"},"south":{"uv":[0,0,16,1],"rotation":180,"texture":"#3"},"west":{"uv":[0,0,16,1],"texture":"#3"},"up":{"uv":[0,0,16,1],"rotation":180,"texture":"#3"},"down":{"uv":[0,0,16,1],"rotation":180,"texture":"#3"}}},{"from":[7.09105,-0.05488,17.47541],"to":[8.69105,3.84512,19.47541],"rotation":{"angle":0,"axis":"z","origin":[10.06903,3.88397,18.46458]},"faces":{"north":{"uv":[0,0,16,1],"texture":"#3"},"east":{"uv":[0,0,16,1],"texture":"#3"},"south":{"uv":[0,0,16,1],"rotation":180,"texture":"#3"},"west":{"uv":[0,0,16,1],"texture":"#3"},"up":{"uv":[0,0,16,1],"rotation":180,"texture":"#3"},"down":{"uv":[0,0,16,1],"rotation":180,"texture":"#3"}}},{"from":[10.14701,1.72281,17.47541],"to":[12.14701,3.22281,19.47541],"rotation":{"angle":45,"axis":"z","origin":[10.06903,3.88397,18.46458]},"faces":{"north":{"uv":[0,0,16,1],"rotation":180,"texture":"#3"},"east":{"uv":[0,0,16,1],"rotation":180,"texture":"#3"},"south":{"uv":[0,0,16,1],"texture":"#3"},"west":{"uv":[0,0,16,1],"rotation":180,"texture":"#3"},"up":{"uv":[0,0,16,1],"texture":"#3"},"down":{"uv":[0,0,16,1],"texture":"#3"}}},{"from":[7.94701,4.72281,17.47541],"to":[9.34701,5.92281,19.47541],"rotation":{"angle":45,"axis":"z","origin":[10.06903,3.88397,18.46458]},"faces":{"north":{"uv":[0,0,16,1],"rotation":180,"texture":"#3"},"east":{"uv":[0,0,16,1],"rotation":180,"texture":"#3"},"south":{"uv":[0,0,16,1],"texture":"#3"},"west":{"uv":[0,0,16,1],"rotation":180,"texture":"#3"},"up":{"uv":[0,0,16,1],"texture":"#3"},"down":{"uv":[0,0,16,1],"texture":"#3"}}},{"from":[7.94701,-1.07719,17.47541],"to":[9.34701,0.12281,19.47541],"rotation":{"angle":45,"axis":"z","origin":[10.06903,3.88397,18.46458]},"faces":{"north":{"uv":[0,0,16,1],"rotation":180,"texture":"#3"},"east":{"uv":[0,0,16,1],"rotation":180,"texture":"#3"},"south":{"uv":[0,0,16,1],"texture":"#3"},"west":{"uv":[0,0,16,1],"rotation":180,"texture":"#3"},"up":{"uv":[0,0,16,1],"texture":"#3"},"down":{"uv":[0,0,16,1],"texture":"#3"}}},{"from":[5.14701,1.72281,17.47541],"to":[6.04701,3.22281,19.47541],"rotation":{"angle":45,"axis":"z","origin":[10.06903,3.88397,18.46458]},"faces":{"north":{"uv":[0,0,16,1],"rotation":180,"texture":"#3"},"east":{"uv":[0,0,16,1],"rotation":180,"texture":"#3"},"south":{"uv":[0,0,16,1],"texture":"#3"},"west":{"uv":[0,0,16,1],"rotation":180,"texture":"#3"},"up":{"uv":[0,0,16,1],"texture":"#3"},"down":{"uv":[0,0,16,1],"texture":"#3"}}},{"from":[8.53018,0.36195,17.37541],"to":[11.63018,3.36195,19.57541],"rotation":{"angle":0,"axis":"y","origin":[2.05952,8.48229,26.2377]},"faces":{"north":{"uv":[0,0,16,1],"rotation":270,"texture":"#1"},"east":{"uv":[0,0,16,1],"rotation":270,"texture":"#3"},"south":{"uv":[0,0,16,1],"rotation":270,"texture":"#1"},"west":{"uv":[0,0,16,1],"rotation":270,"texture":"#3"},"up":{"uv":[0,0,16,1],"rotation":90,"texture":"#3"},"down":{"uv":[0,0,16,1],"rotation":90,"texture":"#3"}}},{"from":[26.13018,2.96195,17.47541],"to":[30.03018,4.86195,19.47541],"rotation":{"angle":0,"axis":"y","origin":[20.05952,8.48229,26.2377]},"faces":{"north":{"uv":[0,0,16,1],"rotation":270,"texture":"#3"},"east":{"uv":[0,0,16,1],"rotation":270,"texture":"#3"},"south":{"uv":[0,0,16,1],"rotation":270,"texture":"#3"},"west":{"uv":[0,0,16,1],"rotation":270,"texture":"#3"},"up":{"uv":[0,0,16,1],"rotation":90,"texture":"#3"},"down":{"uv":[0,0,16,1],"rotation":90,"texture":"#3"}}},{"from":[26.13018,-1.13805,17.47541],"to":[30.03018,0.26195,19.47541],"rotation":{"angle":0,"axis":"y","origin":[20.05952,8.48229,26.2377]},"faces":{"north":{"uv":[0,0,16,1],"rotation":270,"texture":"#3"},"east":{"uv":[0,0,16,1],"rotation":270,"texture":"#3"},"south":{"uv":[0,0,16,1],"rotation":270,"texture":"#3"},"west":{"uv":[0,0,16,1],"rotation":270,"texture":"#3"},"up":{"uv":[0,0,16,1],"rotation":90,"texture":"#3"},"down":{"uv":[0,0,16,1],"rotation":90,"texture":"#3"}}},{"from":[29.19105,-0.15488,17.47541],"to":[31.09105,3.84512,19.47541],"rotation":{"angle":0,"axis":"z","origin":[28.06903,3.88397,18.46458]},"faces":{"north":{"uv":[0,0,16,1],"texture":"#3"},"east":{"uv":[0,0,16,1],"texture":"#3"},"south":{"uv":[0,0,16,1],"rotation":180,"texture":"#3"},"west":{"uv":[0,0,16,1],"texture":"#3"},"up":{"uv":[0,0,16,1],"rotation":180,"texture":"#3"},"down":{"uv":[0,0,16,1],"rotation":180,"texture":"#3"}}},{"from":[25.09105,-0.05488,17.47541],"to":[26.69105,3.84512,19.47541],"rotation":{"angle":0,"axis":"z","origin":[28.06903,3.88397,18.46458]},"faces":{"north":{"uv":[0,0,16,1],"texture":"#3"},"east":{"uv":[0,0,16,1],"texture":"#3"},"south":{"uv":[0,0,16,1],"rotation":180,"texture":"#3"},"west":{"uv":[0,0,16,1],"texture":"#3"},"up":{"uv":[0,0,16,1],"rotation":180,"texture":"#3"},"down":{"uv":[0,0,16,1],"rotation":180,"texture":"#3"}}},{"from":[28.14701,1.72281,17.47541],"to":[30.14701,3.22281,19.47541],"rotation":{"angle":45,"axis":"z","origin":[28.06903,3.88397,18.46458]},"faces":{"north":{"uv":[0,0,16,1],"rotation":180,"texture":"#3"},"east":{"uv":[0,0,16,1],"rotation":180,"texture":"#3"},"south":{"uv":[0,0,16,1],"texture":"#3"},"west":{"uv":[0,0,16,1],"rotation":180,"texture":"#3"},"up":{"uv":[0,0,16,1],"texture":"#3"},"down":{"uv":[0,0,16,1],"texture":"#3"}}},{"from":[25.94701,4.72281,17.47541],"to":[27.34701,5.92281,19.47541],"rotation":{"angle":45,"axis":"z","origin":[28.06903,3.88397,18.46458]},"faces":{"north":{"uv":[0,0,16,1],"rotation":180,"texture":"#3"},"east":{"uv":[0,0,16,1],"rotation":180,"texture":"#3"},"south":{"uv":[0,0,16,1],"texture":"#3"},"west":{"uv":[0,0,16,1],"rotation":180,"texture":"#3"},"up":{"uv":[0,0,16,1],"texture":"#3"},"down":{"uv":[0,0,16,1],"texture":"#3"}}},{"from":[25.94701,-1.07719,17.47541],"to":[27.34701,0.12281,19.47541],"rotation":{"angle":45,"axis":"z","origin":[28.06903,3.88397,18.46458]},"faces":{"north":{"uv":[0,0,16,1],"rotation":180,"texture":"#3"},"east":{"uv":[0,0,16,1],"rotation":180,"texture":"#3"},"south":{"uv":[0,0,16,1],"texture":"#3"},"west":{"uv":[0,0,16,1],"rotation":180,"texture":"#3"},"up":{"uv":[0,0,16,1],"texture":"#3"},"down":{"uv":[0,0,16,1],"texture":"#3"}}},{"from":[23.14701,1.72281,17.47541],"to":[24.04701,3.22281,19.47541],"rotation":{"angle":45,"axis":"z","origin":[28.06903,3.88397,18.46458]},"faces":{"north":{"uv":[0,0,16,1],"rotation":180,"texture":"#3"},"east":{"uv":[0,0,16,1],"rotation":180,"texture":"#3"},"south":{"uv":[0,0,16,1],"texture":"#3"},"west":{"uv":[0,0,16,1],"rotation":180,"texture":"#3"},"up":{"uv":[0,0,16,1],"texture":"#3"},"down":{"uv":[0,0,16,1],"texture":"#3"}}},{"from":[26.53018,0.36195,17.37541],"to":[29.63018,3.36195,19.57541],"rotation":{"angle":0,"axis":"y","origin":[20.05952,8.48229,26.2377]},"faces":{"north":{"uv":[0,0,16,1],"rotation":270,"texture":"#1"},"east":{"uv":[0,0,16,1],"rotation":270,"texture":"#3"},"south":{"uv":[0,0,16,1],"rotation":270,"texture":"#1"},"west":{"uv":[0,0,16,1],"rotation":270,"texture":"#3"},"up":{"uv":[0,0,16,1],"rotation":90,"texture":"#3"},"down":{"uv":[0,0,16,1],"rotation":90,"texture":"#3"}}},{"from":[26.13018,2.96195,-3.52459],"to":[30.03018,4.86195,-1.52459],"rotation":{"angle":0,"axis":"y","origin":[20.05952,8.48229,5.2377]},"faces":{"north":{"uv":[0,0,16,1],"rotation":270,"texture":"#3"},"east":{"uv":[0,0,16,1],"rotation":270,"texture":"#3"},"south":{"uv":[0,0,16,1],"rotation":270,"texture":"#3"},"west":{"uv":[0,0,16,1],"rotation":270,"texture":"#3"},"up":{"uv":[0,0,16,1],"rotation":90,"texture":"#3"},"down":{"uv":[0,0,16,1],"rotation":90,"texture":"#3"}}},{"from":[26.13018,-1.13805,-3.52459],"to":[30.03018,0.26195,-1.52459],"rotation":{"angle":0,"axis":"y","origin":[20.05952,8.48229,5.2377]},"faces":{"north":{"uv":[0,0,16,1],"rotation":270,"texture":"#3"},"east":{"uv":[0,0,16,1],"rotation":270,"texture":"#3"},"south":{"uv":[0,0,16,1],"rotation":270,"texture":"#3"},"west":{"uv":[0,0,16,1],"rotation":270,"texture":"#3"},"up":{"uv":[0,0,16,1],"rotation":90,"texture":"#3"},"down":{"uv":[0,0,16,1],"rotation":90,"texture":"#3"}}},{"from":[29.19105,-0.15488,-3.52459],"to":[31.09105,3.84512,-1.52459],"rotation":{"angle":0,"axis":"z","origin":[28.06903,3.88397,-2.53542]},"faces":{"north":{"uv":[0,0,16,1],"texture":"#3"},"east":{"uv":[0,0,16,1],"texture":"#3"},"south":{"uv":[0,0,16,1],"rotation":180,"texture":"#3"},"west":{"uv":[0,0,16,1],"texture":"#3"},"up":{"uv":[0,0,16,1],"rotation":180,"texture":"#3"},"down":{"uv":[0,0,16,1],"rotation":180,"texture":"#3"}}},{"from":[25.09105,-0.05488,-3.52459],"to":[26.69105,3.84512,-1.52459],"rotation":{"angle":0,"axis":"z","origin":[28.06903,3.88397,-2.53542]},"faces":{"north":{"uv":[0,0,16,1],"texture":"#3"},"east":{"uv":[0,0,16,1],"texture":"#3"},"south":{"uv":[0,0,16,1],"rotation":180,"texture":"#3"},"west":{"uv":[0,0,16,1],"texture":"#3"},"up":{"uv":[0,0,16,1],"rotation":180,"texture":"#3"},"down":{"uv":[0,0,16,1],"rotation":180,"texture":"#3"}}},{"from":[28.14701,1.72281,-3.52459],"to":[30.14701,3.22281,-1.52459],"rotation":{"angle":45,"axis":"z","origin":[28.06903,3.88397,-2.53542]},"faces":{"north":{"uv":[0,0,16,1],"rotation":180,"texture":"#3"},"east":{"uv":[0,0,16,1],"rotation":180,"texture":"#3"},"south":{"uv":[0,0,16,1],"texture":"#3"},"west":{"uv":[0,0,16,1],"rotation":180,"texture":"#3"},"up":{"uv":[0,0,16,1],"texture":"#3"},"down":{"uv":[0,0,16,1],"texture":"#3"}}},{"from":[25.94701,4.72281,-3.52459],"to":[27.34701,5.92281,-1.52459],"rotation":{"angle":45,"axis":"z","origin":[28.06903,3.88397,-2.53542]},"faces":{"north":{"uv":[0,0,16,1],"rotation":180,"texture":"#3"},"east":{"uv":[0,0,16,1],"rotation":180,"texture":"#3"},"south":{"uv":[0,0,16,1],"texture":"#3"},"west":{"uv":[0,0,16,1],"rotation":180,"texture":"#3"},"up":{"uv":[0,0,16,1],"texture":"#3"},"down":{"uv":[0,0,16,1],"texture":"#3"}}},{"from":[25.94701,-1.07719,-3.52459],"to":[27.34701,0.12281,-1.52459],"rotation":{"angle":45,"axis":"z","origin":[28.06903,3.88397,-2.53542]},"faces":{"north":{"uv":[0,0,16,1],"rotation":180,"texture":"#3"},"east":{"uv":[0,0,16,1],"rotation":180,"texture":"#3"},"south":{"uv":[0,0,16,1],"texture":"#3"},"west":{"uv":[0,0,16,1],"rotation":180,"texture":"#3"},"up":{"uv":[0,0,16,1],"texture":"#3"},"down":{"uv":[0,0,16,1],"texture":"#3"}}},{"from":[23.14701,1.72281,-3.52459],"to":[24.04701,3.22281,-1.52459],"rotation":{"angle":45,"axis":"z","origin":[28.06903,3.88397,-2.53542]},"faces":{"north":{"uv":[0,0,16,1],"rotation":180,"texture":"#3"},"east":{"uv":[0,0,16,1],"rotation":180,"texture":"#3"},"south":{"uv":[0,0,16,1],"texture":"#3"},"west":{"uv":[0,0,16,1],"rotation":180,"texture":"#3"},"up":{"uv":[0,0,16,1],"texture":"#3"},"down":{"uv":[0,0,16,1],"texture":"#3"}}},{"from":[26.53018,0.36195,-3.62459],"to":[29.63018,3.36195,-1.42459],"rotation":{"angle":0,"axis":"y","origin":[20.05952,8.48229,5.2377]},"faces":{"north":{"uv":[0,0,16,1],"rotation":270,"texture":"#1"},"east":{"uv":[0,0,16,1],"rotation":270,"texture":"#3"},"south":{"uv":[0,0,16,1],"rotation":270,"texture":"#1"},"west":{"uv":[0,0,16,1],"rotation":270,"texture":"#3"},"up":{"uv":[0,0,16,1],"rotation":90,"texture":"#3"},"down":{"uv":[0,0,16,1],"rotation":90,"texture":"#3"}}}],"display":{"thirdperson_righthand":{"rotation":[57,-58,0],"translation":[-1.5,4.75,-2.75],"scale":[0.3,0.3,0.3]},"thirdperson_lefthand":{"rotation":[57,125,0],"translation":[-2,4.75,-2.75],"scale":[0.3,0.3,0.3]},"firstperson_righthand":{"rotation":[0,-79,0],"translation":[7,2,-4.75],"scale":[0.3,0.3,0.3]},"firstperson_lefthand":{"rotation":[0,102,0],"translation":[7,2,-4.5],"scale":[0.3,0.3,0.3]},"ground":{"translation":[0,1.5,0],"scale":[0.2,0.2,0.2]},"gui":{"rotation":[15,-135,0],"translation":[3.25,1.75,0],"scale":[0.45,0.45,0.45]},"head":{"rotation":[0,-90,0],"translation":[0,-14.25,-22.75],"scale":[2.2,2.2,2.2]},"fixed":{"translation":[-3.75,0,-5.5],"scale":[0.5,0.5,0.5]}}}