{"sources":[{"type":"directory","source":"items","prefix":"items/"},{"source":"entity","prefix":"entity/","type":"directory"},{"type":"single","resource":"_iainternal:icons/icon_left_blue"},{"type":"single","resource":"items/slots/ring1"},{"type":"single","resource":"items/slots/ring2"},{"type":"single","resource":"items/slots/offhand"},{"type":"single","resource":"_iainternal:icons/icon_next_orange"},{"type":"single","resource":"items/slots/chestplate"},{"type":"single","resource":"items/slots/helmet"},{"type":"single","resource":"_iainternal:icons/icon_cancel"},{"type":"single","resource":"items/slots/artifact2"},{"type":"single","resource":"items/slots/artifact1"},{"type":"single","resource":"_iainternal:icons/icon_arrow_chest"},{"type":"single","resource":"items/slots/artifact3"},{"type":"single","resource":"items/slots/amulet"},{"type":"single","resource":"items/slots/boots"},{"type":"single","resource":"items/slots/bracelet"},{"type":"single","resource":"items/slots/mainhand"},{"type":"single","resource":"items/slots/gloves"},{"type":"single","resource":"_iainternal:icons/icon_back_orange"},{"type":"single","resource":"items/slots/fill"},{"type":"single","resource":"_iainternal:icons/icon_search"},{"type":"single","resource":"_iainternal:icons/icon_right_blue"},{"type":"single","resource":"items/slots/leggings"}]}