{"parent":"item/generated","textures":{"layer0":"item/leather_chestplate","layer1":"item/leather_chestplate_overlay"},"overrides":[{"predicate":{"custom_model_data":10000},"model":"iasurvival:ia_auto_gen/dark_amethyst_chestplate"},{"predicate":{"custom_model_data":10001},"model":"iasurvival:ia_auto_gen/bronze_chestplate"},{"predicate":{"custom_model_data":10002},"model":"iasurvival:ia_auto_gen/obsidian_chestplate"},{"predicate":{"custom_model_data":10003},"model":"iaalchemy:ia_auto_gen/mysterious_robe"},{"predicate":{"custom_model_data":10004},"model":"iasurvival:ia_auto_gen/ruby_chestplate"},{"predicate":{"custom_model_data":10005},"model":"item/leather_chestplate"}]}