{"parent":"minecraft:item/handheld","textures":{"layer0":"minecraft:item/stick"},"overrides":[{"predicate":{"custom_model_data":10000},"model":"iasurvival:ia_auto_gen/sword_skin_rusteroth"},{"predicate":{"custom_model_data":10001},"model":"iasurvival:ia_auto_gen/sword_skin_bloodnite"},{"predicate":{"custom_model_data":10002},"model":"iasurvival:ia_auto_gen/sword_skin_vyderlight"},{"predicate":{"custom_model_data":10003},"model":"iasurvival:ia_auto_gen/sword_skin_aqualight"},{"predicate":{"custom_model_data":10004},"model":"iasurvival:ia_auto_gen/cup_of_hot_water"},{"predicate":{"custom_model_data":10005},"model":"iasurvival:ia_auto_gen/jar"},{"predicate":{"custom_model_data":10006},"model":"iasurvival:ia_auto_gen/ketchup"},{"predicate":{"custom_model_data":10007},"model":"iasurvival:ia_auto_gen/empty_cup"},{"predicate":{"custom_model_data":10008},"model":"iasurvival:ia_auto_gen/nest"},{"predicate":{"custom_model_data":10009},"model":"iasurvival:ia_auto_gen/eggs_nest"},{"predicate":{"custom_model_data":10010},"model":"iasurvival:ia_auto_gen/plastic"},{"predicate":{"custom_model_data":10011},"model":"iasurvival:ia_auto_gen/plastic_plate"},{"predicate":{"custom_model_data":10012},"model":"iasurvival:ia_auto_gen/iron_plate"},{"predicate":{"custom_model_data":10013},"model":"iasurvival:ia_auto_gen/tobacco"},{"predicate":{"custom_model_data":10014},"model":"iageneric:ia_auto_gen/bug_medal"},{"predicate":{"custom_model_data":10015},"model":"iageneric:ia_auto_gen/cute_medal"},{"predicate":{"custom_model_data":10016},"model":"iageneric:ia_auto_gen/donator_medal"},{"predicate":{"custom_model_data":10017},"model":"iageneric:ia_auto_gen/coin"},{"predicate":{"custom_model_data":10018},"model":"iageneric:ia_auto_gen/banknote"},{"predicate":{"custom_model_data":10019},"model":"iageneric:ia_auto_gen/sack_of_money"},{"predicate":{"custom_model_data":10020},"model":"iageneric:ia_auto_gen/plastic_bag"},{"predicate":{"custom_model_data":10021},"model":"iageneric:ia_auto_gen/light_blue_coupon"},{"predicate":{"custom_model_data":10022},"model":"iageneric:ia_auto_gen/turquoise_coupon"},{"predicate":{"custom_model_data":10023},"model":"iageneric:ia_auto_gen/purple_coupon"},{"predicate":{"custom_model_data":10024},"model":"iageneric:ia_auto_gen/green_coupon"},{"predicate":{"custom_model_data":10025},"model":"iageneric:ia_auto_gen/red_coupon"},{"predicate":{"custom_model_data":10026},"model":"iageneric:ia_auto_gen/black_coupon"},{"predicate":{"custom_model_data":10027},"model":"iageneric:ia_auto_gen/white_coupon"},{"predicate":{"custom_model_data":10028},"model":"iageneric:ia_auto_gen/golden_coupon"},{"predicate":{"custom_model_data":10029},"model":"iageneric:ia_auto_gen/blue_ring"},{"predicate":{"custom_model_data":10030},"model":"iageneric:ia_auto_gen/light_blue_ring"},{"predicate":{"custom_model_data":10031},"model":"iageneric:ia_auto_gen/turquoise_ring"},{"predicate":{"custom_model_data":10032},"model":"iageneric:ia_auto_gen/purple_ring"},{"predicate":{"custom_model_data":10033},"model":"iageneric:ia_auto_gen/green_ring"},{"predicate":{"custom_model_data":10034},"model":"iageneric:ia_auto_gen/red_ring"},{"predicate":{"custom_model_data":10035},"model":"iageneric:ia_auto_gen/black_ring"},{"predicate":{"custom_model_data":10036},"model":"iageneric:ia_auto_gen/white_ring"},{"predicate":{"custom_model_data":10037},"model":"iageneric:ia_auto_gen/golden_ring"},{"predicate":{"custom_model_data":10038},"model":"iageneric:ia_auto_gen/marriage_ring"},{"predicate":{"custom_model_data":10039},"model":"iageneric:ia_auto_gen/blue_key"},{"predicate":{"custom_model_data":10040},"model":"iageneric:ia_auto_gen/light_blue_key"},{"predicate":{"custom_model_data":10041},"model":"iageneric:ia_auto_gen/turquoise_key"},{"predicate":{"custom_model_data":10042},"model":"iageneric:ia_auto_gen/purple_key"},{"predicate":{"custom_model_data":10043},"model":"iageneric:ia_auto_gen/green_key"},{"predicate":{"custom_model_data":10044},"model":"iageneric:ia_auto_gen/red_key"},{"predicate":{"custom_model_data":10045},"model":"iageneric:ia_auto_gen/black_key"},{"predicate":{"custom_model_data":10046},"model":"iageneric:ia_auto_gen/white_key"},{"predicate":{"custom_model_data":10047},"model":"iageneric:ia_auto_gen/golden_key"},{"predicate":{"custom_model_data":10048},"model":"iageneric:item/carton_box"},{"predicate":{"custom_model_data":10049},"model":"iasurvival:ia_auto_gen/ketchup_bottle"},{"predicate":{"custom_model_data":10050},"model":"iasurvival:ia_auto_gen/flour"},{"predicate":{"custom_model_data":10051},"model":"iasurvival:ia_auto_gen/dough"},{"predicate":{"custom_model_data":10052},"model":"iasurvival:ia_auto_gen/cup_of_water"},{"predicate":{"custom_model_data":10053},"model":"iaalchemy:ia_auto_gen/energy_orb"},{"predicate":{"custom_model_data":10054},"model":"iaalchemy:ia_auto_gen/small_energy_capsule"},{"predicate":{"custom_model_data":10055},"model":"iaalchemy:ia_auto_gen/energy_capsule"},{"predicate":{"custom_model_data":10056},"model":"iaalchemy:item/mysterious_artifact"},{"predicate":{"custom_model_data":10057},"model":"iasurvival:ia_auto_gen/drink_glass"},{"predicate":{"custom_model_data":10058},"model":"iasurvival:ia_auto_gen/chili_powder"},{"predicate":{"custom_model_data":10059},"model":"iaweapons:ia_auto_gen/clip"},{"predicate":{"custom_model_data":10060},"model":"iamusic:ia_auto_gen/blank_disc"},{"predicate":{"custom_model_data":10061},"model":"iamusic:ia_auto_gen/music_disc_electric_keys"},{"predicate":{"custom_model_data":10062},"model":"iamusic:ia_auto_gen/music_disc_cdk_sunday"},{"predicate":{"custom_model_data":10063},"model":"iamusic:ia_auto_gen/music_disc_vidian_aether_theories"},{"predicate":{"custom_model_data":10064},"model":"iaweapons:ia_auto_gen/shotgun_cartridge"},{"predicate":{"custom_model_data":10065},"model":"iaweapons:ia_auto_gen/projectile"},{"predicate":{"custom_model_data":10066},"model":"iadeco:item/cut_spruce_log"},{"predicate":{"custom_model_data":10067},"model":"item/stick"}]}