{
	"variants":{
		"down=false,east=false,north=false,south=false,up=false,west=false":{"model":"micustomblock:block/mushroom/survival/mushroom_stem_0"},
		"down=false,east=true,north=true,south=true,up=false,west=true":{"model":"micustomblock:block/mushroom/survival/mushroom_stem_1"},
		"down=true,east=true,north=true,south=true,up=true,west=true":{"model":"micustomblock:block/mushroom/survival/mushroom_stem_2"},
		"down=false,east=false,north=false,south=false,up=false,west=true":{"model":"micustomblock:block/mushroom/100"},
		"down=false,east=false,north=false,south=false,up=true,west=false":{"model":"micustomblock:block/mushroom/101"},
		"down=false,east=false,north=false,south=false,up=true,west=true":{"model":"micustomblock:block/mushroom/102"},
		"down=false,east=false,north=false,south=true,up=false,west=false":{"model":"micustomblock:block/mushroom/103"},
		"down=false,east=false,north=false,south=true,up=false,west=true":{"model":"micustomblock:block/mushroom/104"},
		"down=false,east=false,north=false,south=true,up=true,west=false":{"model":"micustomblock:block/mushroom/105"},
		"down=false,east=false,north=false,south=true,up=true,west=true":{"model":"micustomblock:block/mushroom/106"},
		"down=false,east=false,north=true,south=false,up=false,west=false":{"model":"micustomblock:block/mushroom/107"},
		"down=false,east=false,north=true,south=false,up=false,west=true":{"model":"micustomblock:block/mushroom/108"},
		"down=false,east=false,north=true,south=false,up=true,west=false":{"model":"micustomblock:block/mushroom/109"},
		"down=false,east=false,north=true,south=false,up=true,west=true":{"model":"micustomblock:block/mushroom/110"},
		"down=false,east=false,north=true,south=true,up=false,west=false":{"model":"micustomblock:block/mushroom/111"},
		"down=false,east=false,north=true,south=true,up=false,west=true":{"model":"micustomblock:block/mushroom/112"},
		"down=false,east=false,north=true,south=true,up=true,west=false":{"model":"micustomblock:block/mushroom/113"},
		"down=false,east=false,north=true,south=true,up=true,west=true":{"model":"micustomblock:block/mushroom/114"},
		"down=false,east=true,north=false,south=false,up=false,west=false":{"model":"micustomblock:block/mushroom/115"},
		"down=false,east=true,north=false,south=false,up=false,west=true":{"model":"micustomblock:block/mushroom/116"},
		"down=false,east=true,north=false,south=false,up=true,west=false":{"model":"micustomblock:block/mushroom/117"},
		"down=false,east=true,north=false,south=false,up=true,west=true":{"model":"micustomblock:block/mushroom/118"},
		"down=false,east=true,north=false,south=true,up=false,west=false":{"model":"micustomblock:block/mushroom/119"},
		"down=false,east=true,north=false,south=true,up=false,west=true":{"model":"micustomblock:block/mushroom/120"},
		"down=false,east=true,north=false,south=true,up=true,west=false":{"model":"micustomblock:block/mushroom/121"},
		"down=false,east=true,north=false,south=true,up=true,west=true":{"model":"micustomblock:block/mushroom/122"},
		"down=false,east=true,north=true,south=false,up=false,west=false":{"model":"micustomblock:block/mushroom/123"},
		"down=false,east=true,north=true,south=false,up=false,west=true":{"model":"micustomblock:block/mushroom/124"},
		"down=false,east=true,north=true,south=false,up=true,west=false":{"model":"micustomblock:block/mushroom/125"},
		"down=false,east=true,north=true,south=false,up=true,west=true":{"model":"micustomblock:block/mushroom/126"},
		"down=false,east=true,north=true,south=true,up=false,west=false":{"model":"micustomblock:block/mushroom/127"},
		"down=false,east=true,north=true,south=true,up=true,west=false":{"model":"micustomblock:block/mushroom/128"},
		"down=false,east=true,north=true,south=true,up=true,west=true":{"model":"micustomblock:block/mushroom/129"},
		"down=true,east=false,north=false,south=false,up=false,west=false":{"model":"micustomblock:block/mushroom/130"},
		"down=true,east=false,north=false,south=false,up=false,west=true":{"model":"micustomblock:block/mushroom/131"},
		"down=true,east=false,north=false,south=false,up=true,west=false":{"model":"micustomblock:block/mushroom/132"},
		"down=true,east=false,north=false,south=false,up=true,west=true":{"model":"micustomblock:block/mushroom/133"},
		"down=true,east=false,north=false,south=true,up=false,west=false":{"model":"micustomblock:block/mushroom/134"},
		"down=true,east=false,north=false,south=true,up=false,west=true":{"model":"micustomblock:block/mushroom/135"},
		"down=true,east=false,north=false,south=true,up=true,west=false":{"model":"micustomblock:block/mushroom/136"},
		"down=true,east=false,north=false,south=true,up=true,west=true":{"model":"micustomblock:block/mushroom/137"},
		"down=true,east=false,north=true,south=false,up=false,west=false":{"model":"micustomblock:block/mushroom/138"},
		"down=true,east=false,north=true,south=false,up=false,west=true":{"model":"micustomblock:block/mushroom/139"},
		"down=true,east=false,north=true,south=false,up=true,west=false":{"model":"micustomblock:block/mushroom/140"},
		"down=true,east=false,north=true,south=false,up=true,west=true":{"model":"micustomblock:block/mushroom/141"},
		"down=true,east=false,north=true,south=true,up=false,west=false":{"model":"micustomblock:block/mushroom/142"},
		"down=true,east=false,north=true,south=true,up=false,west=true":{"model":"micustomblock:block/mushroom/143"},
		"down=true,east=false,north=true,south=true,up=true,west=false":{"model":"micustomblock:block/mushroom/144"},
		"down=true,east=false,north=true,south=true,up=true,west=true":{"model":"micustomblock:block/mushroom/145"},
		"down=true,east=true,north=false,south=false,up=false,west=false":{"model":"micustomblock:block/mushroom/146"},
		"down=true,east=true,north=false,south=false,up=false,west=true":{"model":"micustomblock:block/mushroom/147"},
		"down=true,east=true,north=false,south=false,up=true,west=false":{"model":"micustomblock:block/mushroom/148"},
		"down=true,east=true,north=false,south=false,up=true,west=true":{"model":"micustomblock:block/mushroom/149"},
		"down=true,east=true,north=false,south=true,up=false,west=false":{"model":"micustomblock:block/mushroom/150"},
		"down=true,east=true,north=false,south=true,up=false,west=true":{"model":"micustomblock:block/mushroom/151"},
		"down=true,east=true,north=false,south=true,up=true,west=false":{"model":"micustomblock:block/mushroom/152"},
		"down=true,east=true,north=false,south=true,up=true,west=true":{"model":"micustomblock:block/mushroom/153"},
		"down=true,east=true,north=true,south=false,up=false,west=false":{"model":"micustomblock:block/mushroom/154"},
		"down=true,east=true,north=true,south=false,up=false,west=true":{"model":"micustomblock:block/mushroom/155"},
		"down=true,east=true,north=true,south=false,up=true,west=false":{"model":"micustomblock:block/mushroom/156"},
		"down=true,east=true,north=true,south=false,up=true,west=true":{"model":"micustomblock:block/mushroom/157"},
		"down=true,east=true,north=true,south=true,up=false,west=false":{"model":"micustomblock:block/mushroom/158"},
		"down=true,east=true,north=true,south=true,up=false,west=true":{"model":"micustomblock:block/mushroom/159"},
		"down=true,east=true,north=true,south=true,up=true,west=false":{"model":"micustomblock:block/mushroom/160"}
	}
}
