{"parent":"block/stone","textures":{"layer0":"block/stone"},"overrides":[{"predicate":{"custom_model_data":1001},"model":"micustomblock:block/mushroom/001"},{"predicate":{"custom_model_data":1002},"model":"micustomblock:block/mushroom/002"},{"predicate":{"custom_model_data":1003},"model":"micustomblock:block/mushroom/003"},{"predicate":{"custom_model_data":1004},"model":"micustomblock:block/mushroom/004"},{"predicate":{"custom_model_data":1005},"model":"micustomblock:block/mushroom/005"},{"predicate":{"custom_model_data":1006},"model":"micustomblock:block/mushroom/006"},{"predicate":{"custom_model_data":1007},"model":"micustomblock:block/mushroom/007"},{"predicate":{"custom_model_data":1008},"model":"micustomblock:block/mushroom/008"},{"predicate":{"custom_model_data":1009},"model":"micustomblock:block/mushroom/009"},{"predicate":{"custom_model_data":1010},"model":"micustomblock:block/mushroom/010"},{"predicate":{"custom_model_data":1011},"model":"micustomblock:block/mushroom/011"},{"predicate":{"custom_model_data":1012},"model":"micustomblock:block/mushroom/012"},{"predicate":{"custom_model_data":1013},"model":"micustomblock:block/mushroom/013"},{"predicate":{"custom_model_data":1014},"model":"micustomblock:block/mushroom/014"},{"predicate":{"custom_model_data":1015},"model":"micustomblock:block/mushroom/015"},{"predicate":{"custom_model_data":1016},"model":"micustomblock:block/mushroom/016"},{"predicate":{"custom_model_data":1017},"model":"micustomblock:block/mushroom/017"},{"predicate":{"custom_model_data":1018},"model":"micustomblock:block/mushroom/018"},{"predicate":{"custom_model_data":1019},"model":"micustomblock:block/mushroom/019"},{"predicate":{"custom_model_data":1020},"model":"micustomblock:block/mushroom/020"},{"predicate":{"custom_model_data":1021},"model":"micustomblock:block/mushroom/021"},{"predicate":{"custom_model_data":1022},"model":"micustomblock:block/mushroom/022"},{"predicate":{"custom_model_data":1023},"model":"micustomblock:block/mushroom/023"},{"predicate":{"custom_model_data":1024},"model":"micustomblock:block/mushroom/024"},{"predicate":{"custom_model_data":1025},"model":"micustomblock:block/mushroom/025"},{"predicate":{"custom_model_data":1026},"model":"micustomblock:block/mushroom/026"},{"predicate":{"custom_model_data":1027},"model":"micustomblock:block/mushroom/027"},{"predicate":{"custom_model_data":1028},"model":"micustomblock:block/mushroom/028"},{"predicate":{"custom_model_data":1029},"model":"micustomblock:block/mushroom/029"},{"predicate":{"custom_model_data":1030},"model":"micustomblock:block/mushroom/030"},{"predicate":{"custom_model_data":1031},"model":"micustomblock:block/mushroom/031"},{"predicate":{"custom_model_data":1032},"model":"micustomblock:block/mushroom/032"},{"predicate":{"custom_model_data":1033},"model":"micustomblock:block/mushroom/033"},{"predicate":{"custom_model_data":1034},"model":"micustomblock:block/mushroom/034"},{"predicate":{"custom_model_data":1035},"model":"micustomblock:block/mushroom/035"},{"predicate":{"custom_model_data":1036},"model":"micustomblock:block/mushroom/036"},{"predicate":{"custom_model_data":1037},"model":"micustomblock:block/mushroom/037"},{"predicate":{"custom_model_data":1038},"model":"micustomblock:block/mushroom/038"},{"predicate":{"custom_model_data":1039},"model":"micustomblock:block/mushroom/039"},{"predicate":{"custom_model_data":1040},"model":"micustomblock:block/mushroom/040"},{"predicate":{"custom_model_data":1041},"model":"micustomblock:block/mushroom/041"},{"predicate":{"custom_model_data":1042},"model":"micustomblock:block/mushroom/042"},{"predicate":{"custom_model_data":1043},"model":"micustomblock:block/mushroom/043"},{"predicate":{"custom_model_data":1044},"model":"micustomblock:block/mushroom/044"},{"predicate":{"custom_model_data":1045},"model":"micustomblock:block/mushroom/045"},{"predicate":{"custom_model_data":1046},"model":"micustomblock:block/mushroom/046"},{"predicate":{"custom_model_data":1047},"model":"micustomblock:block/mushroom/047"},{"predicate":{"custom_model_data":1048},"model":"micustomblock:block/mushroom/048"},{"predicate":{"custom_model_data":1049},"model":"micustomblock:block/mushroom/049"},{"predicate":{"custom_model_data":1050},"model":"micustomblock:block/mushroom/050"},{"predicate":{"custom_model_data":1051},"model":"micustomblock:block/mushroom/051"},{"predicate":{"custom_model_data":1052},"model":"micustomblock:block/mushroom/052"},{"predicate":{"custom_model_data":1053},"model":"micustomblock:block/mushroom/053"},{"predicate":{"custom_model_data":1055},"model":"micustomblock:block/mushroom/055"},{"predicate":{"custom_model_data":1056},"model":"micustomblock:block/mushroom/056"},{"predicate":{"custom_model_data":1057},"model":"micustomblock:block/mushroom/057"},{"predicate":{"custom_model_data":1058},"model":"micustomblock:block/mushroom/058"},{"predicate":{"custom_model_data":1059},"model":"micustomblock:block/mushroom/059"},{"predicate":{"custom_model_data":1060},"model":"micustomblock:block/mushroom/060"},{"predicate":{"custom_model_data":1061},"model":"micustomblock:block/mushroom/061"},{"predicate":{"custom_model_data":1062},"model":"micustomblock:block/mushroom/062"},{"predicate":{"custom_model_data":1063},"model":"micustomblock:block/mushroom/063"},{"predicate":{"custom_model_data":1064},"model":"micustomblock:block/mushroom/064"},{"predicate":{"custom_model_data":1065},"model":"micustomblock:block/mushroom/065"},{"predicate":{"custom_model_data":1066},"model":"micustomblock:block/mushroom/066"},{"predicate":{"custom_model_data":1067},"model":"micustomblock:block/mushroom/067"},{"predicate":{"custom_model_data":1068},"model":"micustomblock:block/mushroom/068"},{"predicate":{"custom_model_data":1069},"model":"micustomblock:block/mushroom/069"},{"predicate":{"custom_model_data":1070},"model":"micustomblock:block/mushroom/070"},{"predicate":{"custom_model_data":1071},"model":"micustomblock:block/mushroom/071"},{"predicate":{"custom_model_data":1072},"model":"micustomblock:block/mushroom/072"},{"predicate":{"custom_model_data":1073},"model":"micustomblock:block/mushroom/073"},{"predicate":{"custom_model_data":1074},"model":"micustomblock:block/mushroom/074"},{"predicate":{"custom_model_data":1075},"model":"micustomblock:block/mushroom/075"},{"predicate":{"custom_model_data":1076},"model":"micustomblock:block/mushroom/076"},{"predicate":{"custom_model_data":1077},"model":"micustomblock:block/mushroom/077"},{"predicate":{"custom_model_data":1078},"model":"micustomblock:block/mushroom/078"},{"predicate":{"custom_model_data":1079},"model":"micustomblock:block/mushroom/079"},{"predicate":{"custom_model_data":1080},"model":"micustomblock:block/mushroom/080"},{"predicate":{"custom_model_data":1081},"model":"micustomblock:block/mushroom/081"},{"predicate":{"custom_model_data":1082},"model":"micustomblock:block/mushroom/082"},{"predicate":{"custom_model_data":1083},"model":"micustomblock:block/mushroom/083"},{"predicate":{"custom_model_data":1084},"model":"micustomblock:block/mushroom/084"},{"predicate":{"custom_model_data":1085},"model":"micustomblock:block/mushroom/085"},{"predicate":{"custom_model_data":1086},"model":"micustomblock:block/mushroom/086"},{"predicate":{"custom_model_data":1087},"model":"micustomblock:block/mushroom/087"},{"predicate":{"custom_model_data":1088},"model":"micustomblock:block/mushroom/088"},{"predicate":{"custom_model_data":1089},"model":"micustomblock:block/mushroom/089"},{"predicate":{"custom_model_data":1090},"model":"micustomblock:block/mushroom/090"},{"predicate":{"custom_model_data":1091},"model":"micustomblock:block/mushroom/091"},{"predicate":{"custom_model_data":1092},"model":"micustomblock:block/mushroom/092"},{"predicate":{"custom_model_data":1093},"model":"micustomblock:block/mushroom/093"},{"predicate":{"custom_model_data":1094},"model":"micustomblock:block/mushroom/094"},{"predicate":{"custom_model_data":1095},"model":"micustomblock:block/mushroom/095"},{"predicate":{"custom_model_data":1096},"model":"micustomblock:block/mushroom/096"},{"predicate":{"custom_model_data":1097},"model":"micustomblock:block/mushroom/097"},{"predicate":{"custom_model_data":1098},"model":"micustomblock:block/mushroom/098"},{"predicate":{"custom_model_data":1099},"model":"micustomblock:block/mushroom/099"},{"predicate":{"custom_model_data":1100},"model":"micustomblock:block/mushroom/100"},{"predicate":{"custom_model_data":1101},"model":"micustomblock:block/mushroom/101"},{"predicate":{"custom_model_data":1102},"model":"micustomblock:block/mushroom/102"},{"predicate":{"custom_model_data":1103},"model":"micustomblock:block/mushroom/103"},{"predicate":{"custom_model_data":1104},"model":"micustomblock:block/mushroom/104"},{"predicate":{"custom_model_data":1105},"model":"micustomblock:block/mushroom/105"},{"predicate":{"custom_model_data":1106},"model":"micustomblock:block/mushroom/106"},{"predicate":{"custom_model_data":1107},"model":"micustomblock:block/mushroom/107"},{"predicate":{"custom_model_data":1108},"model":"micustomblock:block/mushroom/108"},{"predicate":{"custom_model_data":1109},"model":"micustomblock:block/mushroom/109"},{"predicate":{"custom_model_data":1110},"model":"micustomblock:block/mushroom/110"},{"predicate":{"custom_model_data":1111},"model":"micustomblock:block/mushroom/111"},{"predicate":{"custom_model_data":1112},"model":"micustomblock:block/mushroom/112"},{"predicate":{"custom_model_data":1113},"model":"micustomblock:block/mushroom/113"},{"predicate":{"custom_model_data":1114},"model":"micustomblock:block/mushroom/114"},{"predicate":{"custom_model_data":1115},"model":"micustomblock:block/mushroom/115"},{"predicate":{"custom_model_data":1116},"model":"micustomblock:block/mushroom/116"},{"predicate":{"custom_model_data":1117},"model":"micustomblock:block/mushroom/117"},{"predicate":{"custom_model_data":1118},"model":"micustomblock:block/mushroom/118"},{"predicate":{"custom_model_data":1119},"model":"micustomblock:block/mushroom/119"},{"predicate":{"custom_model_data":1120},"model":"micustomblock:block/mushroom/120"},{"predicate":{"custom_model_data":1121},"model":"micustomblock:block/mushroom/121"},{"predicate":{"custom_model_data":1122},"model":"micustomblock:block/mushroom/122"},{"predicate":{"custom_model_data":1123},"model":"micustomblock:block/mushroom/123"},{"predicate":{"custom_model_data":1124},"model":"micustomblock:block/mushroom/124"},{"predicate":{"custom_model_data":1125},"model":"micustomblock:block/mushroom/125"},{"predicate":{"custom_model_data":1126},"model":"micustomblock:block/mushroom/126"},{"predicate":{"custom_model_data":1127},"model":"micustomblock:block/mushroom/127"},{"predicate":{"custom_model_data":1128},"model":"micustomblock:block/mushroom/128"},{"predicate":{"custom_model_data":1129},"model":"micustomblock:block/mushroom/129"},{"predicate":{"custom_model_data":1130},"model":"micustomblock:block/mushroom/130"},{"predicate":{"custom_model_data":1131},"model":"micustomblock:block/mushroom/131"},{"predicate":{"custom_model_data":1132},"model":"micustomblock:block/mushroom/132"},{"predicate":{"custom_model_data":1133},"model":"micustomblock:block/mushroom/133"},{"predicate":{"custom_model_data":1134},"model":"micustomblock:block/mushroom/134"},{"predicate":{"custom_model_data":1135},"model":"micustomblock:block/mushroom/135"},{"predicate":{"custom_model_data":1136},"model":"micustomblock:block/mushroom/136"},{"predicate":{"custom_model_data":1137},"model":"micustomblock:block/mushroom/137"},{"predicate":{"custom_model_data":1138},"model":"micustomblock:block/mushroom/138"},{"predicate":{"custom_model_data":1139},"model":"micustomblock:block/mushroom/139"},{"predicate":{"custom_model_data":1140},"model":"micustomblock:block/mushroom/140"},{"predicate":{"custom_model_data":1141},"model":"micustomblock:block/mushroom/141"},{"predicate":{"custom_model_data":1142},"model":"micustomblock:block/mushroom/142"},{"predicate":{"custom_model_data":1143},"model":"micustomblock:block/mushroom/143"},{"predicate":{"custom_model_data":1144},"model":"micustomblock:block/mushroom/144"},{"predicate":{"custom_model_data":1145},"model":"micustomblock:block/mushroom/145"},{"predicate":{"custom_model_data":1146},"model":"micustomblock:block/mushroom/146"},{"predicate":{"custom_model_data":1147},"model":"micustomblock:block/mushroom/147"},{"predicate":{"custom_model_data":1148},"model":"micustomblock:block/mushroom/148"},{"predicate":{"custom_model_data":1149},"model":"micustomblock:block/mushroom/149"},{"predicate":{"custom_model_data":1150},"model":"micustomblock:block/mushroom/150"},{"predicate":{"custom_model_data":1151},"model":"micustomblock:block/mushroom/151"},{"predicate":{"custom_model_data":1152},"model":"micustomblock:block/mushroom/152"},{"predicate":{"custom_model_data":1153},"model":"micustomblock:block/mushroom/153"},{"predicate":{"custom_model_data":1154},"model":"micustomblock:block/mushroom/154"},{"predicate":{"custom_model_data":1155},"model":"micustomblock:block/mushroom/155"},{"predicate":{"custom_model_data":1156},"model":"micustomblock:block/mushroom/156"},{"predicate":{"custom_model_data":1157},"model":"micustomblock:block/mushroom/157"},{"predicate":{"custom_model_data":1158},"model":"micustomblock:block/mushroom/158"},{"predicate":{"custom_model_data":1159},"model":"micustomblock:block/mushroom/159"},{"predicate":{"custom_model_data":1160},"model":"micustomblock:block/mushroom/160"}]}